Review,Sentiment
This product is amazing and works perfectly,positive
"Absolutely loved it, highly recommend",positive
Great value for money,positive
Very satisfied with the performance,positive
Excellent build quality,positive
Superb experience using this,positive
Really happy with the purchase,positive
"Fantastic product, will buy again",positive
"Works as expected, very good",positive
Nice product and fast delivery,positive
Worst product I have ever bought,negative
Completely useless and waste of money,negative
Very poor quality,negative
Stopped working after one day,negative
Extremely disappointed,negative
"Bad experience, not recommended",negative
Terrible product,negative
Not worth the price,negative
Cheap material used,negative
Product arrived damaged,negative
"It is okay, average quality",neutral
"Nothing special, just fine",neutral
Product is decent for the price,neutral
Average performance,neutral
"Not too good, not too bad",neutral
Works fine but has some issues,neutral
Quality is acceptable,neutral
Just an ordinary product,neutral
Satisfactory but could be better,neutral
Neither good nor bad,neutral